"target","location","model","inverse_wis_weight"
"inc case","GM01","FIAS_FZJ-Epi1Ger",0.167479338169621
"inc case","GM01","USC-SIkJalpha",0.291412462635526
"inc case","GM01","ITWW-county_repro",0.244215257282022
"inc case","GM01","epiforecasts-EpiNow2",0.168496478886188
"inc case","GM01","CovidMetrics-epiBATS",0.128396463026643
"inc case","GM02","FIAS_FZJ-Epi1Ger",0.0511212735029167
"inc case","GM02","USC-SIkJalpha",0.250712766651754
"inc case","GM02","ITWW-county_repro",0.308663629225277
"inc case","GM02","epiforecasts-EpiNow2",0.163121222431718
"inc case","GM02","CovidMetrics-epiBATS",0.226381108188335
"inc case","GM03","FIAS_FZJ-Epi1Ger",0.0814667936730986
"inc case","GM03","USC-SIkJalpha",0.2435109978043
"inc case","GM03","ITWW-county_repro",0.274800008304841
"inc case","GM03","epiforecasts-EpiNow2",0.188463493131529
"inc case","GM03","CovidMetrics-epiBATS",0.211758707086231
"inc case","GM04","FIAS_FZJ-Epi1Ger",0.121895156183688
"inc case","GM04","USC-SIkJalpha",0.32329322162487
"inc case","GM04","ITWW-county_repro",0.239475944836669
"inc case","GM04","epiforecasts-EpiNow2",0.16730325777235
"inc case","GM04","CovidMetrics-epiBATS",0.148032419582424
"inc case","GM05","FIAS_FZJ-Epi1Ger",0.0121787692837629
"inc case","GM05","USC-SIkJalpha",0.36415466210486
"inc case","GM05","ITWW-county_repro",0.262646535537029
"inc case","GM05","epiforecasts-EpiNow2",0.167612587010417
"inc case","GM05","CovidMetrics-epiBATS",0.193407446063931
"inc case","GM06","FIAS_FZJ-Epi1Ger",0.032421885787281
"inc case","GM06","USC-SIkJalpha",0.20256280410881
"inc case","GM06","ITWW-county_repro",0.241096090071227
"inc case","GM06","epiforecasts-EpiNow2",0.193878643974753
"inc case","GM06","CovidMetrics-epiBATS",0.330040576057929
"inc case","GM07","FIAS_FZJ-Epi1Ger",0.0783252282097725
"inc case","GM07","USC-SIkJalpha",0.319665338570973
"inc case","GM07","ITWW-county_repro",0.293647805973224
"inc case","GM07","epiforecasts-EpiNow2",0.197922562676112
"inc case","GM07","CovidMetrics-epiBATS",0.110439064569919
"inc case","GM08","FIAS_FZJ-Epi1Ger",0.0503119029805026
"inc case","GM08","USC-SIkJalpha",0.236974856097677
"inc case","GM08","ITWW-county_repro",0.264075433959835
"inc case","GM08","epiforecasts-EpiNow2",0.223292246988503
"inc case","GM08","CovidMetrics-epiBATS",0.225345559973482
"inc case","GM09","FIAS_FZJ-Epi1Ger",0.146783926955444
"inc case","GM09","USC-SIkJalpha",0.132530734191797
"inc case","GM09","ITWW-county_repro",0.230697471816429
"inc case","GM09","epiforecasts-EpiNow2",0.142529845472231
"inc case","GM09","CovidMetrics-epiBATS",0.347458021564099
"inc case","GM10","FIAS_FZJ-Epi1Ger",0.102187864519607
"inc case","GM10","USC-SIkJalpha",0.308115865953218
"inc case","GM10","ITWW-county_repro",0.320244289939517
"inc case","GM10","epiforecasts-EpiNow2",0.148922392556419
"inc case","GM10","CovidMetrics-epiBATS",0.12052958703124
"inc case","GM11","FIAS_FZJ-Epi1Ger",0.0930442613608508
"inc case","GM11","USC-SIkJalpha",0.217943562539092
"inc case","GM11","ITWW-county_repro",0.273907636078929
"inc case","GM11","epiforecasts-EpiNow2",0.24481534609496
"inc case","GM11","CovidMetrics-epiBATS",0.170289193926168
"inc case","GM12","FIAS_FZJ-Epi1Ger",0.110892588800189
"inc case","GM12","USC-SIkJalpha",0.270455380164163
"inc case","GM12","ITWW-county_repro",0.27035231350951
"inc case","GM12","epiforecasts-EpiNow2",0.136533990653216
"inc case","GM12","CovidMetrics-epiBATS",0.211765726872922
"inc case","GM13","FIAS_FZJ-Epi1Ger",0.137377474823644
"inc case","GM13","USC-SIkJalpha",0.285142665400861
"inc case","GM13","ITWW-county_repro",0.31365796126347
"inc case","GM13","epiforecasts-EpiNow2",0.13288728952278
"inc case","GM13","CovidMetrics-epiBATS",0.130934608989244
"inc case","GM14","FIAS_FZJ-Epi1Ger",0.147116664587528
"inc case","GM14","USC-SIkJalpha",0.268576088294504
"inc case","GM14","ITWW-county_repro",0.265287786471239
"inc case","GM14","epiforecasts-EpiNow2",0.20225661219762
"inc case","GM14","CovidMetrics-epiBATS",0.11676284844911
"inc case","GM15","FIAS_FZJ-Epi1Ger",0.120158844463255
"inc case","GM15","USC-SIkJalpha",0.275213208308385
"inc case","GM15","ITWW-county_repro",0.316141847796908
"inc case","GM15","epiforecasts-EpiNow2",0.125937904475468
"inc case","GM15","CovidMetrics-epiBATS",0.162548194955984
"inc case","GM16","FIAS_FZJ-Epi1Ger",0.132225293550695
"inc case","GM16","USC-SIkJalpha",0.146311350618929
"inc case","GM16","ITWW-county_repro",0.362405673133152
"inc case","GM16","epiforecasts-EpiNow2",0.22721531533646
"inc case","GM16","CovidMetrics-epiBATS",0.131842367360763
"cum case","GM01","FIAS_FZJ-Epi1Ger",0.149929807965506
"cum case","GM01","USC-SIkJalpha",0.37328439964416
"cum case","GM01","ITWW-county_repro",0.211173712896746
"cum case","GM01","epiforecasts-EpiNow2",0.154767302631682
"cum case","GM01","CovidMetrics-epiBATS",0.110844776861906
"cum case","GM02","FIAS_FZJ-Epi1Ger",0.0487970631665258
"cum case","GM02","USC-SIkJalpha",0.217126622075375
"cum case","GM02","ITWW-county_repro",0.31780989730091
"cum case","GM02","epiforecasts-EpiNow2",0.173872936569718
"cum case","GM02","CovidMetrics-epiBATS",0.242393480887471
"cum case","GM03","FIAS_FZJ-Epi1Ger",0.0678631928148527
"cum case","GM03","USC-SIkJalpha",0.279751119513507
"cum case","GM03","ITWW-county_repro",0.267476615868014
"cum case","GM03","epiforecasts-EpiNow2",0.191115408031843
"cum case","GM03","CovidMetrics-epiBATS",0.193793663771783
"cum case","GM04","FIAS_FZJ-Epi1Ger",0.0869054067377987
"cum case","GM04","USC-SIkJalpha",0.371221374418197
"cum case","GM04","ITWW-county_repro",0.211988947621763
"cum case","GM04","epiforecasts-EpiNow2",0.158362937884516
"cum case","GM04","CovidMetrics-epiBATS",0.171521333337725
"cum case","GM05","FIAS_FZJ-Epi1Ger",0.0138576527844214
"cum case","GM05","USC-SIkJalpha",0.333441479519731
"cum case","GM05","ITWW-county_repro",0.258972030890046
"cum case","GM05","epiforecasts-EpiNow2",0.182402425331692
"cum case","GM05","CovidMetrics-epiBATS",0.21132641147411
"cum case","GM06","FIAS_FZJ-Epi1Ger",0.0338613422540236
"cum case","GM06","USC-SIkJalpha",0.177919486836635
"cum case","GM06","ITWW-county_repro",0.231197090381251
"cum case","GM06","epiforecasts-EpiNow2",0.203400401197882
"cum case","GM06","CovidMetrics-epiBATS",0.353621679330207
"cum case","GM07","FIAS_FZJ-Epi1Ger",0.0593382126904862
"cum case","GM07","USC-SIkJalpha",0.370106936284543
"cum case","GM07","ITWW-county_repro",0.26873100051494
"cum case","GM07","epiforecasts-EpiNow2",0.196369842731018
"cum case","GM07","CovidMetrics-epiBATS",0.105454007779013
"cum case","GM08","FIAS_FZJ-Epi1Ger",0.0462072380686999
"cum case","GM08","USC-SIkJalpha",0.205529197089304
"cum case","GM08","ITWW-county_repro",0.253049450524695
"cum case","GM08","epiforecasts-EpiNow2",0.258697038700807
"cum case","GM08","CovidMetrics-epiBATS",0.236517075616493
"cum case","GM09","FIAS_FZJ-Epi1Ger",0.131274185150571
"cum case","GM09","USC-SIkJalpha",0.127346883069781
"cum case","GM09","ITWW-county_repro",0.221294121727863
"cum case","GM09","epiforecasts-EpiNow2",0.16199487746772
"cum case","GM09","CovidMetrics-epiBATS",0.358089932584065
"cum case","GM10","FIAS_FZJ-Epi1Ger",0.0953055716265322
"cum case","GM10","USC-SIkJalpha",0.385790470155314
"cum case","GM10","ITWW-county_repro",0.280596653069128
"cum case","GM10","epiforecasts-EpiNow2",0.14191809458685
"cum case","GM10","CovidMetrics-epiBATS",0.0963892105621749
"cum case","GM11","FIAS_FZJ-Epi1Ger",0.0981835506043328
"cum case","GM11","USC-SIkJalpha",0.195567657326696
"cum case","GM11","ITWW-county_repro",0.28340272357871
"cum case","GM11","epiforecasts-EpiNow2",0.258643514589065
"cum case","GM11","CovidMetrics-epiBATS",0.164202553901196
"cum case","GM12","FIAS_FZJ-Epi1Ger",0.150610072320443
"cum case","GM12","USC-SIkJalpha",0.24380556301699
"cum case","GM12","ITWW-county_repro",0.261064921018735
"cum case","GM12","epiforecasts-EpiNow2",0.149666430705706
"cum case","GM12","CovidMetrics-epiBATS",0.194853012938126
"cum case","GM13","FIAS_FZJ-Epi1Ger",0.103555830524784
"cum case","GM13","USC-SIkJalpha",0.347420681659198
"cum case","GM13","ITWW-county_repro",0.313801245022575
"cum case","GM13","epiforecasts-EpiNow2",0.127258846090378
"cum case","GM13","CovidMetrics-epiBATS",0.107963396703066
"cum case","GM14","FIAS_FZJ-Epi1Ger",0.148940839999138
"cum case","GM14","USC-SIkJalpha",0.2555669601844
"cum case","GM14","ITWW-county_repro",0.256480508269125
"cum case","GM14","epiforecasts-EpiNow2",0.223092866253943
"cum case","GM14","CovidMetrics-epiBATS",0.115918825293394
"cum case","GM15","FIAS_FZJ-Epi1Ger",0.221953324486438
"cum case","GM15","USC-SIkJalpha",0.249132467557244
"cum case","GM15","ITWW-county_repro",0.274165451480662
"cum case","GM15","epiforecasts-EpiNow2",0.112514980989591
"cum case","GM15","CovidMetrics-epiBATS",0.142233775486064
"cum case","GM16","FIAS_FZJ-Epi1Ger",0.119169159785091
"cum case","GM16","USC-SIkJalpha",0.124175794036472
"cum case","GM16","ITWW-county_repro",0.384571753099273
"cum case","GM16","epiforecasts-EpiNow2",0.239911237323557
"cum case","GM16","CovidMetrics-epiBATS",0.132172055755606
"inc death","GM01","FIAS_FZJ-Epi1Ger",0.112208724985983
"inc death","GM01","USC-SIkJalpha",0.173553069724831
"inc death","GM01","ITWW-county_repro",0.24539647705503
"inc death","GM01","epiforecasts-EpiNow2",0.468841728234155
"inc death","GM02","FIAS_FZJ-Epi1Ger",0.0483874970554256
"inc death","GM02","USC-SIkJalpha",0.352169507799563
"inc death","GM02","ITWW-county_repro",0.349291511633325
"inc death","GM02","epiforecasts-EpiNow2",0.250151483511686
"inc death","GM03","FIAS_FZJ-Epi1Ger",0.146432354635588
"inc death","GM03","USC-SIkJalpha",0.196749350992343
"inc death","GM03","ITWW-county_repro",0.230497504295474
"inc death","GM03","epiforecasts-EpiNow2",0.426320790076595
"inc death","GM04","FIAS_FZJ-Epi1Ger",0.125513671314004
"inc death","GM04","USC-SIkJalpha",0.312476147479441
"inc death","GM04","ITWW-county_repro",0.410001320963999
"inc death","GM04","epiforecasts-EpiNow2",0.152008860242557
"inc death","GM05","FIAS_FZJ-Epi1Ger",0.0192597129418247
"inc death","GM05","USC-SIkJalpha",0.210747832912532
"inc death","GM05","ITWW-county_repro",0.342440420987852
"inc death","GM05","epiforecasts-EpiNow2",0.427552033157791
"inc death","GM06","FIAS_FZJ-Epi1Ger",0.0384712996215928
"inc death","GM06","USC-SIkJalpha",0.153066185244862
"inc death","GM06","ITWW-county_repro",0.306899173232023
"inc death","GM06","epiforecasts-EpiNow2",0.501563341901522
"inc death","GM07","FIAS_FZJ-Epi1Ger",0.0282034067050721
"inc death","GM07","USC-SIkJalpha",0.0636403460770726
"inc death","GM07","ITWW-county_repro",0.124370349169431
"inc death","GM07","epiforecasts-EpiNow2",0.783785898048424
"inc death","GM08","FIAS_FZJ-Epi1Ger",0.154088444639036
"inc death","GM08","USC-SIkJalpha",0.483662679189426
"inc death","GM08","ITWW-county_repro",0.358896578386508
"inc death","GM08","epiforecasts-EpiNow2",0.00335229778502964
"inc death","GM09","FIAS_FZJ-Epi1Ger",0.0629093610681802
"inc death","GM09","USC-SIkJalpha",0.188728083204541
"inc death","GM09","ITWW-county_repro",0.270674144716198
"inc death","GM09","epiforecasts-EpiNow2",0.477688411011081
"inc death","GM10","FIAS_FZJ-Epi1Ger",0.122605802329196
"inc death","GM10","USC-SIkJalpha",0.336157179961912
"inc death","GM10","ITWW-county_repro",0.254852840081166
"inc death","GM10","epiforecasts-EpiNow2",0.286384177627726
"inc death","GM11","FIAS_FZJ-Epi1Ger",0.0577532302107597
"inc death","GM11","USC-SIkJalpha",0.0935018821428002
"inc death","GM11","ITWW-county_repro",0.243182562499869
"inc death","GM11","epiforecasts-EpiNow2",0.605562325146571
"inc death","GM12","FIAS_FZJ-Epi1Ger",0.276188706072916
"inc death","GM12","USC-SIkJalpha",0.220670816984823
"inc death","GM12","ITWW-county_repro",0.351972279480217
"inc death","GM12","epiforecasts-EpiNow2",0.151168197462044
"inc death","GM13","FIAS_FZJ-Epi1Ger",0.146217136759322
"inc death","GM13","USC-SIkJalpha",0.15731971110252
"inc death","GM13","ITWW-county_repro",0.321907647860549
"inc death","GM13","epiforecasts-EpiNow2",0.37455550427761
"inc death","GM14","FIAS_FZJ-Epi1Ger",0.189657130778086
"inc death","GM14","USC-SIkJalpha",0.284387057350091
"inc death","GM14","ITWW-county_repro",0.450930281618833
"inc death","GM14","epiforecasts-EpiNow2",0.0750255302529894
"inc death","GM15","FIAS_FZJ-Epi1Ger",0.27111649141682
"inc death","GM15","USC-SIkJalpha",0.185838471935301
"inc death","GM15","ITWW-county_repro",0.21113471669743
"inc death","GM15","epiforecasts-EpiNow2",0.331910319950449
"inc death","GM16","FIAS_FZJ-Epi1Ger",0.0621692603489446
"inc death","GM16","USC-SIkJalpha",0.0914750728210589
"inc death","GM16","ITWW-county_repro",0.0872997132387245
"inc death","GM16","epiforecasts-EpiNow2",0.759055953591272
"cum death","GM01","FIAS_FZJ-Epi1Ger",0.0781008961450741
"cum death","GM01","USC-SIkJalpha",0.129790995857012
"cum death","GM01","ITWW-county_repro",0.227537828968323
"cum death","GM01","epiforecasts-EpiNow2",0.564570279029591
"cum death","GM02","FIAS_FZJ-Epi1Ger",0.0347576853237094
"cum death","GM02","USC-SIkJalpha",0.394128890861978
"cum death","GM02","ITWW-county_repro",0.418133962060929
"cum death","GM02","epiforecasts-EpiNow2",0.152979461753383
"cum death","GM03","FIAS_FZJ-Epi1Ger",0.186813570141859
"cum death","GM03","USC-SIkJalpha",0.178784262906464
"cum death","GM03","ITWW-county_repro",0.209442766184547
"cum death","GM03","epiforecasts-EpiNow2",0.424959400767131
"cum death","GM04","FIAS_FZJ-Epi1Ger",0.130981048220754
"cum death","GM04","USC-SIkJalpha",0.260835519536343
"cum death","GM04","ITWW-county_repro",0.48107198336059
"cum death","GM04","epiforecasts-EpiNow2",0.127111448882313
"cum death","GM05","FIAS_FZJ-Epi1Ger",0.020900633788844
"cum death","GM05","USC-SIkJalpha",0.215710143145517
"cum death","GM05","ITWW-county_repro",0.380325382055949
"cum death","GM05","epiforecasts-EpiNow2",0.38306384100969
"cum death","GM06","FIAS_FZJ-Epi1Ger",0.0308565377782255
"cum death","GM06","USC-SIkJalpha",0.124280250002876
"cum death","GM06","ITWW-county_repro",0.288410565168924
"cum death","GM06","epiforecasts-EpiNow2",0.556452647049974
"cum death","GM07","FIAS_FZJ-Epi1Ger",0.0264548672488165
"cum death","GM07","USC-SIkJalpha",0.0605332206040584
"cum death","GM07","ITWW-county_repro",0.119525830108789
"cum death","GM07","epiforecasts-EpiNow2",0.793486082038336
"cum death","GM08","FIAS_FZJ-Epi1Ger",0.198663317013565
"cum death","GM08","USC-SIkJalpha",0.471184576810357
"cum death","GM08","ITWW-county_repro",0.325929296556352
"cum death","GM08","epiforecasts-EpiNow2",0.00422280961972584
"cum death","GM09","FIAS_FZJ-Epi1Ger",0.0564237242774501
"cum death","GM09","USC-SIkJalpha",0.223136971819923
"cum death","GM09","ITWW-county_repro",0.254748745311601
"cum death","GM09","epiforecasts-EpiNow2",0.465690558591027
"cum death","GM10","FIAS_FZJ-Epi1Ger",0.125560164447374
"cum death","GM10","USC-SIkJalpha",0.394909958301107
"cum death","GM10","ITWW-county_repro",0.235564849994569
"cum death","GM10","epiforecasts-EpiNow2",0.24396502725695
"cum death","GM11","FIAS_FZJ-Epi1Ger",0.0614228009103612
"cum death","GM11","USC-SIkJalpha",0.0796292770512955
"cum death","GM11","ITWW-county_repro",0.27572948232637
"cum death","GM11","epiforecasts-EpiNow2",0.583218439711973
"cum death","GM12","FIAS_FZJ-Epi1Ger",0.290500460325999
"cum death","GM12","USC-SIkJalpha",0.210888081202428
"cum death","GM12","ITWW-county_repro",0.329372734935764
"cum death","GM12","epiforecasts-EpiNow2",0.169238723535809
"cum death","GM13","FIAS_FZJ-Epi1Ger",0.108226583919982
"cum death","GM13","USC-SIkJalpha",0.122357744465107
"cum death","GM13","ITWW-county_repro",0.280645111705857
"cum death","GM13","epiforecasts-EpiNow2",0.488770559909054
"cum death","GM14","FIAS_FZJ-Epi1Ger",0.15394711653651
"cum death","GM14","USC-SIkJalpha",0.210486498165652
"cum death","GM14","ITWW-county_repro",0.577789048571624
"cum death","GM14","epiforecasts-EpiNow2",0.0577773367262147
"cum death","GM15","FIAS_FZJ-Epi1Ger",0.370864905900188
"cum death","GM15","USC-SIkJalpha",0.226981536996999
"cum death","GM15","ITWW-county_repro",0.175870477110403
"cum death","GM15","epiforecasts-EpiNow2",0.226283079992409
"cum death","GM16","FIAS_FZJ-Epi1Ger",0.0573036647291316
"cum death","GM16","USC-SIkJalpha",0.0814668300546448
"cum death","GM16","ITWW-county_repro",0.0787019099526119
"cum death","GM16","epiforecasts-EpiNow2",0.782527595263612
"inc case","PL72","USC-SIkJalpha",0.5145952093538
"inc case","PL72","ITWW-county_repro",0.213430646244957
"inc case","PL72","epiforecasts-EpiNow2",0.271974144401243
"inc case","PL73","USC-SIkJalpha",0.286296770012565
"inc case","PL73","ITWW-county_repro",0.37133033139364
"inc case","PL73","epiforecasts-EpiNow2",0.342372898593795
"inc case","PL74","USC-SIkJalpha",0.356679761895081
"inc case","PL74","ITWW-county_repro",0.228667662514207
"inc case","PL74","epiforecasts-EpiNow2",0.414652575590712
"inc case","PL75","USC-SIkJalpha",0.561525732864358
"inc case","PL75","ITWW-county_repro",0.391862397775666
"inc case","PL75","epiforecasts-EpiNow2",0.0466118693599757
"inc case","PL76","USC-SIkJalpha",0.348242645041121
"inc case","PL76","ITWW-county_repro",0.383356031984555
"inc case","PL76","epiforecasts-EpiNow2",0.268401322974324
"inc case","PL77","USC-SIkJalpha",0.50315990941335
"inc case","PL77","ITWW-county_repro",0.450372745415903
"inc case","PL77","epiforecasts-EpiNow2",0.0464673451707471
"inc case","PL78","USC-SIkJalpha",0.430972245114278
"inc case","PL78","ITWW-county_repro",0.221700716210328
"inc case","PL78","epiforecasts-EpiNow2",0.347327038675393
"inc case","PL79","USC-SIkJalpha",0.311949984575646
"inc case","PL79","ITWW-county_repro",0.417664524510748
"inc case","PL79","epiforecasts-EpiNow2",0.270385490913606
"inc case","PL80","USC-SIkJalpha",0.282844165143496
"inc case","PL80","ITWW-county_repro",0.410829465976902
"inc case","PL80","epiforecasts-EpiNow2",0.306326368879602
"inc case","PL81","USC-SIkJalpha",0.44763618693905
"inc case","PL81","ITWW-county_repro",0.194908665720502
"inc case","PL81","epiforecasts-EpiNow2",0.357455147340448
"inc case","PL82","USC-SIkJalpha",0.42867603057659
"inc case","PL82","ITWW-county_repro",0.263291045720684
"inc case","PL82","epiforecasts-EpiNow2",0.308032923702726
"inc case","PL83","USC-SIkJalpha",0.451239795774264
"inc case","PL83","ITWW-county_repro",0.326190996383867
"inc case","PL83","epiforecasts-EpiNow2",0.222569207841869
"inc case","PL84","USC-SIkJalpha",0.397783511897039
"inc case","PL84","ITWW-county_repro",0.251544028062809
"inc case","PL84","epiforecasts-EpiNow2",0.350672460040152
"inc case","PL85","USC-SIkJalpha",0.315575646990723
"inc case","PL85","ITWW-county_repro",0.424151588545237
"inc case","PL85","epiforecasts-EpiNow2",0.26027276446404
"inc case","PL86","USC-SIkJalpha",0.47127492421564
"inc case","PL86","ITWW-county_repro",0.261913133012151
"inc case","PL86","epiforecasts-EpiNow2",0.266811942772209
"inc case","PL87","USC-SIkJalpha",0.378314992980055
"inc case","PL87","ITWW-county_repro",0.251941137630235
"inc case","PL87","epiforecasts-EpiNow2",0.36974386938971
"cum case","PL72","USC-SIkJalpha",0.614909835643876
"cum case","PL72","ITWW-county_repro",0.16608744948063
"cum case","PL72","epiforecasts-EpiNow2",0.219002714875494
"cum case","PL73","USC-SIkJalpha",0.254184415288967
"cum case","PL73","ITWW-county_repro",0.401541538646818
"cum case","PL73","epiforecasts-EpiNow2",0.344274046064215
"cum case","PL74","USC-SIkJalpha",0.378028251040495
"cum case","PL74","ITWW-county_repro",0.220280192226365
"cum case","PL74","epiforecasts-EpiNow2",0.401691556733139
"cum case","PL75","USC-SIkJalpha",0.650495148549722
"cum case","PL75","ITWW-county_repro",0.307468325073572
"cum case","PL75","epiforecasts-EpiNow2",0.0420365263767057
"cum case","PL76","USC-SIkJalpha",0.308761652505438
"cum case","PL76","ITWW-county_repro",0.418771711017656
"cum case","PL76","epiforecasts-EpiNow2",0.272466636476906
"cum case","PL77","USC-SIkJalpha",0.574112790590545
"cum case","PL77","ITWW-county_repro",0.382160307384851
"cum case","PL77","epiforecasts-EpiNow2",0.0437269020246041
"cum case","PL78","USC-SIkJalpha",0.490296854348687
"cum case","PL78","ITWW-county_repro",0.193355398709986
"cum case","PL78","epiforecasts-EpiNow2",0.316347746941327
"cum case","PL79","USC-SIkJalpha",0.28254616606978
"cum case","PL79","ITWW-county_repro",0.462031498321147
"cum case","PL79","epiforecasts-EpiNow2",0.255422335609074
"cum case","PL80","USC-SIkJalpha",0.257928966953989
"cum case","PL80","ITWW-county_repro",0.400208124846361
"cum case","PL80","epiforecasts-EpiNow2",0.34186290819965
"cum case","PL81","USC-SIkJalpha",0.467138963117646
"cum case","PL81","ITWW-county_repro",0.183903434621058
"cum case","PL81","epiforecasts-EpiNow2",0.348957602261296
"cum case","PL82","USC-SIkJalpha",0.308820627515729
"cum case","PL82","ITWW-county_repro",0.308934657300188
"cum case","PL82","epiforecasts-EpiNow2",0.382244715184083
"cum case","PL83","USC-SIkJalpha",0.347641450997927
"cum case","PL83","ITWW-county_repro",0.378933768219315
"cum case","PL83","epiforecasts-EpiNow2",0.273424780782758
"cum case","PL84","USC-SIkJalpha",0.401282494701617
"cum case","PL84","ITWW-county_repro",0.257092256985707
"cum case","PL84","epiforecasts-EpiNow2",0.341625248312676
"cum case","PL85","USC-SIkJalpha",0.278622705489041
"cum case","PL85","ITWW-county_repro",0.459706812345554
"cum case","PL85","epiforecasts-EpiNow2",0.261670482165405
"cum case","PL86","USC-SIkJalpha",0.598359071330389
"cum case","PL86","ITWW-county_repro",0.180868993345466
"cum case","PL86","epiforecasts-EpiNow2",0.220771935324145
"cum case","PL87","USC-SIkJalpha",0.340214357096164
"cum case","PL87","ITWW-county_repro",0.275700681672352
"cum case","PL87","epiforecasts-EpiNow2",0.384084961231485
"inc death","PL72","USC-SIkJalpha",0.124264692875997
"inc death","PL72","ITWW-county_repro",0.351878239233021
"inc death","PL72","epiforecasts-EpiNow2",0.523857067890982
"inc death","PL73","USC-SIkJalpha",0.385318438164148
"inc death","PL73","ITWW-county_repro",0.249209121383683
"inc death","PL73","epiforecasts-EpiNow2",0.365472440452169
"inc death","PL74","USC-SIkJalpha",0.212908063039415
"inc death","PL74","ITWW-county_repro",0.247685020603934
"inc death","PL74","epiforecasts-EpiNow2",0.539406916356651
"inc death","PL75","USC-SIkJalpha",0.221497160942187
"inc death","PL75","ITWW-county_repro",0.175516888716072
"inc death","PL75","epiforecasts-EpiNow2",0.602985950341741
"inc death","PL76","USC-SIkJalpha",0.267693496933539
"inc death","PL76","ITWW-county_repro",0.332701486546315
"inc death","PL76","epiforecasts-EpiNow2",0.399605016520146
"inc death","PL77","USC-SIkJalpha",0.173007996169738
"inc death","PL77","ITWW-county_repro",0.27382985950261
"inc death","PL77","epiforecasts-EpiNow2",0.553162144327653
"inc death","PL78","USC-SIkJalpha",0.243108737445382
"inc death","PL78","ITWW-county_repro",0.0939606012160535
"inc death","PL78","epiforecasts-EpiNow2",0.662930661338565
"inc death","PL79","USC-SIkJalpha",0.582221268807024
"inc death","PL79","ITWW-county_repro",0.176339241752482
"inc death","PL79","epiforecasts-EpiNow2",0.241439489440494
"inc death","PL80","USC-SIkJalpha",0.346052988123819
"inc death","PL80","ITWW-county_repro",0.368030716433605
"inc death","PL80","epiforecasts-EpiNow2",0.285916295442576
"inc death","PL81","USC-SIkJalpha",0.422515066968433
"inc death","PL81","ITWW-county_repro",0.284609205413427
"inc death","PL81","epiforecasts-EpiNow2",0.29287572761814
"inc death","PL82","USC-SIkJalpha",0.225019248044342
"inc death","PL82","ITWW-county_repro",0.166738186078254
"inc death","PL82","epiforecasts-EpiNow2",0.608242565877404
"inc death","PL83","USC-SIkJalpha",0.230816338816753
"inc death","PL83","ITWW-county_repro",0.282987160892542
"inc death","PL83","epiforecasts-EpiNow2",0.486196500290704
"inc death","PL84","USC-SIkJalpha",0.258871074770078
"inc death","PL84","ITWW-county_repro",0.252707968523064
"inc death","PL84","epiforecasts-EpiNow2",0.488420956706858
"inc death","PL85","USC-SIkJalpha",0.447664609847159
"inc death","PL85","ITWW-county_repro",0.23887688360506
"inc death","PL85","epiforecasts-EpiNow2",0.313458506547781
"inc death","PL86","USC-SIkJalpha",0.32384499268873
"inc death","PL86","ITWW-county_repro",0.412260041639887
"inc death","PL86","epiforecasts-EpiNow2",0.263894965671382
"inc death","PL87","USC-SIkJalpha",0.367521322874901
"inc death","PL87","ITWW-county_repro",0.272676379103805
"inc death","PL87","epiforecasts-EpiNow2",0.359802298021294
"cum death","PL72","USC-SIkJalpha",0.115139359710872
"cum death","PL72","ITWW-county_repro",0.436699416599388
"cum death","PL72","epiforecasts-EpiNow2",0.44816122368974
"cum death","PL73","USC-SIkJalpha",0.580311563556257
"cum death","PL73","ITWW-county_repro",0.170491018120269
"cum death","PL73","epiforecasts-EpiNow2",0.249197418323474
"cum death","PL74","USC-SIkJalpha",0.202845938166333
"cum death","PL74","ITWW-county_repro",0.253018229599703
"cum death","PL74","epiforecasts-EpiNow2",0.544135832233965
"cum death","PL75","USC-SIkJalpha",0.423080297111126
"cum death","PL75","ITWW-county_repro",0.256923936388685
"cum death","PL75","epiforecasts-EpiNow2",0.31999576650019
"cum death","PL76","USC-SIkJalpha",0.334896759281112
"cum death","PL76","ITWW-county_repro",0.39577097584034
"cum death","PL76","epiforecasts-EpiNow2",0.269332264878548
"cum death","PL77","USC-SIkJalpha",0.138050768680005
"cum death","PL77","ITWW-county_repro",0.230800825995062
"cum death","PL77","epiforecasts-EpiNow2",0.631148405324933
"cum death","PL78","USC-SIkJalpha",0.18048377734213
"cum death","PL78","ITWW-county_repro",0.0864691753453425
"cum death","PL78","epiforecasts-EpiNow2",0.733047047312528
"cum death","PL79","USC-SIkJalpha",0.670521840216441
"cum death","PL79","ITWW-county_repro",0.123728992374679
"cum death","PL79","epiforecasts-EpiNow2",0.20574916740888
"cum death","PL80","USC-SIkJalpha",0.311548768350147
"cum death","PL80","ITWW-county_repro",0.402038433015061
"cum death","PL80","epiforecasts-EpiNow2",0.286412798634792
"cum death","PL81","USC-SIkJalpha",0.511201172467435
"cum death","PL81","ITWW-county_repro",0.227811115050817
"cum death","PL81","epiforecasts-EpiNow2",0.260987712481748
"cum death","PL82","USC-SIkJalpha",0.232969328132851
"cum death","PL82","ITWW-county_repro",0.177127614445383
"cum death","PL82","epiforecasts-EpiNow2",0.589903057421767
"cum death","PL83","USC-SIkJalpha",0.409005332189575
"cum death","PL83","ITWW-county_repro",0.330362802378595
"cum death","PL83","epiforecasts-EpiNow2",0.26063186543183
"cum death","PL84","USC-SIkJalpha",0.235848145121463
"cum death","PL84","ITWW-county_repro",0.234446596528412
"cum death","PL84","epiforecasts-EpiNow2",0.529705258350124
"cum death","PL85","USC-SIkJalpha",0.529273555029054
"cum death","PL85","ITWW-county_repro",0.212027526669086
"cum death","PL85","epiforecasts-EpiNow2",0.25869891830186
"cum death","PL86","USC-SIkJalpha",0.398372196216753
"cum death","PL86","ITWW-county_repro",0.42507345200434
"cum death","PL86","epiforecasts-EpiNow2",0.176554351778907
"cum death","PL87","USC-SIkJalpha",0.287570674175774
"cum death","PL87","ITWW-county_repro",0.248739838818164
"cum death","PL87","epiforecasts-EpiNow2",0.463689487006062
